"cantonId","cantonAbbreviation","municipalityId","municipalityLongName","gdnId"
"19","AG","4122","Villnachern","194122"
"23","VS","6158","Vionnaz","236158"
"15","AR","3023","Speicher","153023"
"23","VS","6011","Zwischbergen","236011"
"10","FR","2228","Villars-sur-Glâne","102228"
"10","FR","2230","Villarsel-sur-Marly","102230"
"1","ZH","181","Wila","010181"
"1","ZH","71","Wil (ZH)","010071"
"19","AG","4045","Wettingen","194045"
"1","ZH","121","Wetzikon (ZH)","010121"
"19","AG","4081","Widen","194081"
"19","AG","4147","Zetzwil","194147"
"19","AG","4048","Würenlos","194048"
"19","AG","4183","Zeihen","194183"
"19","AG","4263","Zeiningen","194263"
"1","ZH","231","Zell (ZH)","010231"
"5","SZ","1323","Wollerau","051323"
"23","VS","6300","Zermatt","236300"
"19","AG","4083","Zufikon","194083"
"9","ZG","1711","Zug","091711"
"11","SO","2622","Zullwil","112622"
"1","ZH","160","Zumikon","010160"
"19","AG","4264","Zuzgen","194264"
"23","VS","6299","Zeneggen","236299"
"1","ZH","72","Winkel","010072"
"1","ZH","182","Wildberg","010182"
"23","VS","6202","Wiler (Lötschen)","236202"
"19","AG","4288","Wiliberg","194288"
"19","AG","4047","Würenlingen","194047"
"1","ZH","230","Winterthur","010230"
"11","SO","2501","Winznau","112501"
"11","SO","2502","Wisen (SO)","112502"
"11","SO","2481","Witterswil","112481"
"19","AG","4181","Wittnau","194181"
"19","AG","4082","Wohlen (AG)","194082"
"19","AG","4046","Wohlenschwil","194046"
"7","NW","1511","Wolfenschiessen","071511"
"15","AR","3038","Wolfhalden","153038"
"19","AG","4182","Wölflinswil","194182"
"19","AG","4123","Windisch","194123"
"1","ZH","158","Stäfa","010158"
"4","UR","1218","Spiringen","041218"
"1","ZH","43","Volken","010043"
"19","AG","4040","Spreitenbach","194040"
"1","ZH","199","Volketswil","010199"
"19","AG","4287","Vordemwald","194287"
"5","SZ","1348","Vorderthal","051348"
"23","VS","6159","Vouvry","236159"
"10","FR","2160","Vuadens","102160"
"23","VS","6292","St. Niklaus","236292"
"10","FR","2303","St. Silvester","102303"
"10","FR","2304","St. Ursen","102304"
"21","TI","5266","Stabio","215266"
"1","ZH","100","Stadel","010100"
"11","SO","2601","Solothurn","112601"
"1","ZH","180","Weisslingen","010180"
"25","GE","6639","Soral","256639"
"21","TI","5225","Sorengo","215225"
"10","FR","2153","Sorens","102153"
"23","VS","6298","Visperterminen","236298"
"4","UR","1220","Wassen","041220"
"1","ZH","70","Wasterkingen","010070"
"19","AG","4262","Wegenstetten","194262"
"1","ZH","102","Weiach","010102"
"1","ZH","69","Wallisellen","010069"
"9","ZG","1710","Walchwil","091710"
"15","AR","3036","Wald (AR)","153036"
"1","ZH","120","Wald (ZH)","010120"
"15","AR","3007","Waldstatt","153007"
"19","AG","4261","Wallbach","194261"
"19","AG","4240","Waltenschwil","194240"
"11","SO","2585","Walterswil (SO)","112585"
"15","AR","3037","Walzenhausen","153037"
"5","SZ","1349","Wangen (SZ)","051349"
"11","SO","2586","Wangen bei Olten","112586"
"19","AG","4320","Tegerfelden","194320"
"19","AG","4077","Tägerig","194077"
"23","VS","6295","Täsch","236295"
"21","TI","5131","Tenero-Contra","215131"
"10","FR","2307","Tentlingen","102307"
"23","VS","6010","Termen","236010"
"15","AR","3024","Teufen (AR)","153024"
"19","AG","4145","Teufenthal (AG)","194145"
"1","ZH","39","Thalheim an der Thur","010039"
"25","GE","6640","Thônex","256640"
"5","SZ","1374","Steinerberg","051374"
"23","VS","6293","Stalden (VS)","236293"
"23","VS","6294","Staldenried","236294"
"1","ZH","13","Stallikon","010013"
"7","NW","1509","Stans","071509"
"7","NW","1510","Stansstad","071510"
"11","SO","2584","Starrkirch-Wil","112584"
"19","AG","4210","Staufen","194210"
"19","AG","4260","Stein (AG)","194260"
"15","AR","3005","Stein (AR)","153005"
"19","AG","4012","Suhr","194012"
"14","SH","2919","Stetten (SH)","142919"
"19","AG","4285","Strengelbach","194285"
"14","SH","2964","Stein am Rhein","142964"
"5","SZ","1373","Steinen","051373"
"19","AG","4041","Stetten (AG)","194041"
"1","ZH","101","Steinmaur","010101"
"9","ZG","1708","Steinhausen","091708"
"1","ZH","141","Thalwil","010141"
"19","AG","4284","Staffelbach","194284"
"21","TI","5233","Vico Morcote","215233"
"19","AG","4117","Thalheim (AG)","194117"
"9","ZG","1709","Unterägeri","091709"
"10","FR","2308","Ueberstorf","102308"
"19","AG","4286","Uerkheim","194286"
"19","AG","4078","Uezwil","194078"
"10","FR","2278","Ulmiz","102278"
"1","ZH","228","Turbenthal","010228"
"5","SZ","1347","Tuggen","051347"
"23","VS","6201","Unterbäch","236201"
"5","SZ","1375","Unteriberg","051375"
"19","AG","4146","Unterkulm","194146"
"19","AG","4079","Unterlunkhofen","194079"
"11","SO","2463","Unterramsern","112463"
"4","UR","1219","Unterschächen","041219"
"19","AG","4044","Untersiggenthal","194044"
"23","VS","6296","Törbel","236296"
"21","TI","5227","Torricella-Taverne","215227"
"14","SH","2973","Trasadingen","142973"
"19","AG","4013","Unterentfelden","194013"
"10","FR","2226","Treyvaux","102226"
"23","VS","6142","Trient","236142"
"11","SO","2500","Trimbach","112500"
"15","AR","3025","Trogen","153025"
"25","GE","6641","Troinex","256641"
"23","VS","6156","Troistorrents","236156"
"1","ZH","40","Trüllikon","010040"
"1","ZH","41","Truttikon","010041"
"25","GE","6645","Veyrier","256645"
"10","FR","2155","Vaulruz","102155"
"23","VS","6267","Veysonnaz","236267"
"19","AG","4120","Veltheim (AG)","194120"
"21","TI","5230","Vernate","215230"
"23","VS","6219","Vernayaz","236219"
"25","GE","6643","Vernier","256643"
"23","VS","6220","Vérossaz","236220"
"25","GE","6644","Versoix","256644"
"23","VS","6025","Vétroz","236025"
"23","VS","6089","Vex","236089"
"21","TI","5268","Vacallo","215268"
"23","VS","6157","Val-d'Illiez","236157"
"23","VS","6116","Varen","236116"
"1","ZH","198","Uster","010198"
"25","GE","6642","Vandoeuvres","256642"
"21","TI","5231","Vezia","215231"
"10","FR","2045","Vallon","102045"
"15","AR","3006","Urnäsch","153006"
"25","GE","6610","Céligny","256610"
"21","TI","5309","Cerentino","215309"
"23","VS","6232","Chalais","236232"
"9","ZG","1702","Cham","091702"
"25","GE","6608","Carouge (GE)","256608"
"21","TI","5307","Campo (Vallemaggia)","215307"
"21","TI","5167","Canobbio","215167"
"25","GE","6609","Cartigny","256609"
"21","TI","5171","Caslano","215171"
"23","VS","6151","Champéry","236151"
"23","VS","6022","Chamoson","236022"
"10","FR","2008","Châtillon (FR)","102008"
"10","FR","2068","Châtonnaye","102068"
"10","FR","2128","Châtel-sur-Montsalvens","102128"
"10","FR","2325","Châtel-Saint-Denis","102325"
"25","GE","6612","Chêne-Bougeries","256612"
"25","GE","6611","Chancy","256611"
"15","AR","3021","Bühler","153021"
"19","AG","4003","Buchs (AG)","194003"
"1","ZH","83","Buchs (ZH)","010083"
"1","ZH","53","Bülach","010053"
"19","AG","4229","Bünzen","194229"
"7","NW","1502","Buochs","071502"
"1","ZH","213","Brütten","010213"
"19","AG","4193","Brunegg","194193"
"10","FR","2292","Brünisried","102292"
"14","SH","2933","Buchberg","142933"
"21","TI","5160","Brusino Arsizio","215160"
"1","ZH","112","Bubikon","010112"
"14","SH","2961","Buch (SH)","142961"
"21","TI","5162","Cadempino","215162"
"23","VS","6193","Bürchen","236193"
"14","SH","2914","Büttenhardt","142914"
"19","AG","4064","Büttikon","194064"
"19","AG","4230","Buttwil","194230"
"21","TI","5161","Cademario","215161"
"10","FR","2177","Chénens","102177"
"4","UR","1205","Bürglen (UR)","041205"
"11","SO","2472","Büren (SO)","112472"
"11","SO","2614","Büsserach","112614"
"10","FR","2257","Cressier (FR)","102257"
"10","FR","2130","Crésuz","102130"
"10","FR","2250","Courgevaux","102250"
"25","GE","6613","Chêne-Bourg","256613"
"10","FR","2186","Cottens (FR)","102186"
"19","AG","4004","Densbüren","194004"
"1","ZH","54","Dietlikon","010054"
"19","AG","4231","Dietwil","194231"
"1","ZH","216","Dinhard","010216"
"19","AG","4194","Dintikon","194194"
"1","ZH","86","Dielsdorf","010086"
"7","NW","1503","Dallenwil","071503"
"25","GE","6619","Corsier (GE)","256619"
"21","TI","5180","Cureglia","215180"
"1","ZH","25","Dachsen","010025"
"1","ZH","214","Dägerlen","010214"
"1","ZH","84","Dällikon","010084"
"21","TI","5071","Dalpe","215071"
"11","SO","2572","Däniken","112572"
"1","ZH","85","Dänikon","010085"
"25","GE","6620","Dardagny","256620"
"1","ZH","215","Dättlikon","010215"
"25","GE","6614","Choulex","256614"
"21","TI","5251","Coldrerio","215251"
"25","GE","6615","Collex-Bossy","256615"
"23","VS","6152","Collombey-Muraz","236152"
"25","GE","6616","Collonge-Bellerive","256616"
"23","VS","6211","Collonges","236211"
"25","GE","6617","Cologny","256617"
"23","VS","6235","Chippis","236235"
"21","TI","5176","Comano","215176"
"23","VS","6023","Conthey","236023"
"19","AG","4274","Brittnau","194274"
"25","GE","6618","Confignon","256618"
"10","FR","2173","Autigny","102173"
"19","AG","4223","Auw","194223"
"25","GE","6603","Avully","256603"
"25","GE","6604","Avusy","256604"
"23","VS","6082","Ayent","236082"
"5","SZ","1362","Arth","051362"
"21","TI","5091","Ascona","215091"
"23","VS","6191","Ausserberg","236191"
"10","FR","2321","Attalens","102321"
"4","UR","1203","Attinghausen","041203"
"19","AG","4091","Auenstein","194091"
"1","ZH","51","Bachenbülach","010051"
"1","ZH","52","Bassersdorf","010052"
"14","SH","2931","Bargen (SH)","142931"
"11","SO","2611","Bärschwil","112611"
"25","GE","6605","Bardonnex","256605"
"12","BS","2701","Basel","122701"
"11","SO","2471","Bättwil","112471"
"11","SO","2541","Balm bei Günsberg","112541"
"21","TI","5144","Arogno","215144"
"1","ZH","81","Bachs","010081"
"21","TI","5242","Balerna","215242"
"1","ZH","111","Bäretswil","010111"
"9","ZG","1701","Baar","091701"
"23","VS","6281","Baltschieder","236281"
"21","TI","5061","Airolo","215061"
"23","VS","6101","Agarn","236101"
"21","TI","5141","Agno","215141"
"25","GE","6601","Aire-la-Ville","256601"
"23","VS","6102","Albinen","236102"
"19","AG","4271","Aarburg","194271"
"19","AG","4221","Abtwil","194221"
"1","ZH","2","Affoltern am Albis","010002"
"1","ZH","131","Adliswil","010131"
"6","OW","1401","Alpnach","061401"
"21","TI","5143","Aranno","215143"
"23","VS","6261","Arbaz","236261"
"23","VS","6021","Ardon","236021"
"19","AG","4222","Aristau","194222"
"21","TI","5001","Arbedo-Castione","215001"
"4","UR","1201","Altdorf (UR)","041201"
"5","SZ","1341","Altendorf","051341"
"25","GE","6602","Anières","256602"
"1","ZH","211","Altikon","010211"
"5","SZ","1361","Alpthal","051361"
"19","AG","4191","Ammerswil","194191"
"4","UR","1202","Andermatt","041202"
"1","ZH","82","Boppelsen","010082"
"11","SO","2571","Boningen","112571"
"19","AG","4192","Boniswil","194192"
"7","NW","1501","Beckenried","071501"
"21","TI","5304","Bosco/Gurin","215304"
"10","FR","2323","Bossonnens","102323"
"19","AG","4228","Boswil","194228"
"1","ZH","3","Bonstetten","010003"
"21","TI","5154","Bissone","215154"
"23","VS","6172","Bister","236172"
"23","VS","6173","Bitsch","236173"
"23","VS","6192","Blatten","236192"
"11","SO","2613","Breitenbach","112613"
"21","TI","5096","Brione sopra Minusio","215096"
"21","TI","5097","Brissago","215097"
"19","AG","4093","Birrhard","194093"
"19","AG","4303","Böttstein","194303"
"19","AG","4273","Bottenwil","194273"
"23","VS","6032","Bourg-Saint-Pierre","236032"
"23","VS","6131","Bovernier","236131"
"25","GE","6607","Bernex","256607"
"1","ZH","23","Berg am Irchel","010023"
"19","AG","4023","Bergdietikon","194023"
"19","AG","4062","Berikon","194062"
"1","ZH","22","Benken (ZH)","010022"
"10","FR","2124","Broc","102124"
"21","TI","5063","Bedretto","215063"
"14","SH","2951","Beggingen","142951"
"19","AG","4224","Beinwil (Freiamt)","194224"
"11","SO","2612","Beinwil (SO)","112612"
"11","SO","2542","Bellach","112542"
"25","GE","6606","Bellevue","256606"
"19","AG","4022","Bellikon","194022"
"23","VS","6052","Bellwald","236052"
"19","AG","4131","Beinwil am See","194131"
"19","AG","4226","Besenbüren","194226"
"23","VS","6054","Binn","236054"
"19","AG","4024","Birmenstorf (AG)","194024"
"19","AG","4092","Birr","194092"
"21","TI","5148","Bedano","215148"
"21","TI","5281","Biasca","215281"
"12","BS","2702","Bettingen","122702"
"11","SO","2543","Bettlach","112543"
"19","AG","4227","Bettwil","194227"
"11","SO","2445","Biezwil","112445"
"19","AG","4132","Birrwil","194132"
"19","AG","4002","Biberstein","194002"
"11","SO","2547","Günsberg","112547"
"1","ZH","29","Flurlingen","010029"
"11","SO","2578","Gunzgen","112578"
"11","SO","2545","Flumenthal","112545"
"4","UR","1207","Flüelen","041207"
"4","UR","1209","Gurtnellen","041209"
"19","AG","4028","Freienwil","194028"
"19","AG","4163","Frick","194163"
"10","FR","2196","Fribourg","102196"
"15","AR","3031","Grub (AR)","153031"
"10","FR","2135","Gruyères","102135"
"25","GE","6624","Gy","256624"
"1","ZH","57","Freienstein-Teufen","010057"
"5","SZ","1322","Freienbach","051322"
"10","FR","2258","Fräschels","102258"
"1","ZH","116","Grüningen","010116"
"1","ZH","27","Feuerthalen","010027"
"10","FR","2016","Fétigny","102016"
"10","FR","2194","Ferpicloz","102194"
"11","SO","2491","Hauenstein-Ifenthal","112491"
"11","SO","2544","Feldbrunnen-St. Niklaus","112544"
"11","SO","2616","Fehren","112616"
"1","ZH","172","Fehraltorf","010172"
"1","ZH","4","Hausen am Albis","010004"
"23","VS","6195","Ferden","236195"
"19","AG","4197","Hallwil","194197"
"1","ZH","28","Flaach","010028"
"19","AG","4027","Fislisbach","194027"
"19","AG","4306","Fisibach","194306"
"19","AG","4099","Habsburg","194099"
"1","ZH","220","Hagenbuch","010220"
"1","ZH","114","Fischenthal","010114"
"11","SO","2579","Hägendorf","112579"
"19","AG","4068","Hägglingen","194068"
"19","AG","4067","Fischbach-Göslikon","194067"
"5","SZ","1321","Feusisberg","051321"
"11","SO","2617","Grindel","112617"
"23","VS","6214","Finhaut","236214"
"23","VS","6058","Fieschertal","236058"
"23","VS","6057","Fiesch","236057"
"14","SH","2971","Hallau","142971"
"1","ZH","115","Gossau (ZH)","010115"
"10","FR","2294","Giffers","102294"
"4","UR","1208","Göschenen","041208"
"5","SZ","1311","Gersau","051311"
"23","VS","6285","Grächen","236285"
"21","TI","5186","Grancia","215186"
"23","VS","6238","Grône","236238"
"19","AG","4135","Gontenschwil","194135"
"21","TI","5108","Gordola","215108"
"10","FR","2022","Gletterens","102022"
"1","ZH","58","Glattfelden","010058"
"10","FR","2197","Givisiez","102197"
"6","OW","1403","Giswil","061403"
"19","AG","4165","Gipf-Oberfrick","194165"
"14","SH","2901","Gächlingen","142901"
"1","ZH","194","Greifensee","010194"
"5","SZ","1342","Galgenen","051342"
"11","SO","2546","Grenchen","112546"
"15","AR","3022","Gais","153022"
"10","FR","2261","Greng","102261"
"23","VS","6177","Grengiols","236177"
"23","VS","6133","Fully","236133"
"19","AG","4307","Full-Reuenthal","194307"
"11","SO","2575","Fulenbach","112575"
"23","VS","6263","Grimisuat","236263"
"25","GE","6622","Genthod","256622"
"25","GE","6621","Genève","256621"
"11","SO","2474","Gempen","112474"
"19","AG","4232","Geltwil","194232"
"10","FR","2134","Grandvillard","102134"
"19","AG","4029","Gebenstorf","194029"
"10","FR","2198","Granges-Paccot","102198"
"10","FR","2079","Grangettes","102079"
"19","AG","4164","Gansingen","194164"
"19","AG","4006","Gränichen","194006"
"21","TI","5187","Gravesano","215187"
"10","FR","2328","Granges (Veveyse)","102328"
"19","AG","4134","Dürrenäsch","194134"
"1","ZH","192","Egg","010192"
"23","VS","6004","Eggerberg","236004"
"11","SO","2475","Hochwald","112475"
"10","FR","2131","Echarlens","102131"
"19","AG","4199","Holderbank (AG)","194199"
"19","AG","4136","Holziken","194136"
"1","ZH","153","Hombrechtikon","010153"
"1","ZH","218","Ellikon an der Thur","010218"
"23","VS","6282","Eisten","236282"
"23","VS","6194","Eischoll","236194"
"5","SZ","1301","Einsiedeln","051301"
"11","SO","2618","Himmelried","112618"
"1","ZH","117","Hinwil","010117"
"19","AG","4066","Eggenwil","194066"
"19","AG","4007","Hirschthal","194007"
"1","ZH","113","Dürnten","010113"
"1","ZH","173","Hittnau","010173"
"1","ZH","59","Hochfelden","010059"
"19","AG","4195","Egliswil","194195"
"1","ZH","55","Eglisau","010055"
"19","AG","4161","Eiken","194161"
"15","AR","3002","Hundwil","153002"
"9","ZG","1703","Hünenberg","091703"
"1","ZH","61","Hüntwangen","010061"
"19","AG","4200","Hunzenschwil","194200"
"1","ZH","87","Hüttikon","010087"
"1","ZH","26","Dorf","010026"
"14","SH","2915","Dörflingen","142915"
"23","VS","6239","Icogne","236239"
"5","SZ","1363","Illgau","051363"
"11","SO","2573","Dulliken","112573"
"10","FR","2293","Düdingen","102293"
"1","ZH","191","Dübendorf","010191"
"23","VS","6212","Dorénaz","236212"
"19","AG","4304","Döttingen","194304"
"4","UR","1210","Hospental","041210"
"11","SO","2548","Hubersdorf","112548"
"19","AG","4065","Dottikon","194065"
"11","SO","2473","Dornach","112473"
"1","ZH","60","Höri","010060"
"19","AG","4251","Hellikon","194251"
"14","SH","2962","Hemishofen","142962"
"19","AG","4198","Hendschiken","194198"
"4","UR","1206","Erstfeld","041206"
"1","ZH","31","Henggart","010031"
"10","FR","2137","Hauteville","102137"
"1","ZH","193","Fällanden","010193"
"1","ZH","5","Hedingen","010005"
"19","AG","4196","Fahrwangen","194196"
"15","AR","3032","Heiden","153032"
"23","VS","6083","Evolène","236083"
"23","VS","6213","Evionnaz","236213"
"10","FR","2296","Heitenried","102296"
"11","SO","2615","Erschwil","112615"
"7","NW","1506","Ennetmoos","071506"
"7","NW","1505","Ennetbürgen","071505"
"19","AG","4026","Ennetbaden","194026"
"1","ZH","221","Hettlingen","010221"
"6","OW","1402","Engelberg","061402"
"7","NW","1504","Emmetten","071504"
"1","ZH","56","Embrach","010056"
"23","VS","6283","Embd","236283"
"1","ZH","219","Elsau","010219"
"25","GE","6625","Hermance","256625"
"23","VS","6084","Hérémence","236084"
"7","NW","1507","Hergiswil (NW)","071507"
"1","ZH","151","Erlenbach (ZH)","010151"
"15","AR","3001","Herisau","153001"
"23","VS","6104","Ergisch","236104"
"11","SO","2574","Eppenberg-Wöschnau","112574"
"1","ZH","152","Herrliberg","010152"
"19","AG","4106","Mönthal","194106"
"23","VS","6153","Monthey","236153"
"19","AG","4277","Moosleerau","194277"
"21","TI","5257","Morbio Inferiore","215257"
"21","TI","5203","Morcote","215203"
"19","AG","4279","Murgenthal","194279"
"19","AG","4107","Mülligen","194107"
"19","AG","4255","Mumpf","194255"
"19","AG","4172","Münchwilen (AG)","194172"
"19","AG","4235","Mühlau","194235"
"10","FR","2274","Muntelier","102274"
"5","SZ","1367","Muotathal","051367"
"19","AG","4203","Möriken-Wildegg","194203"
"10","FR","2143","Morlon","102143"
"5","SZ","1366","Morschach","051366"
"19","AG","4009","Muhen","194009"
"19","AG","4033","Mellingen","194033"
"11","SO","2620","Meltingen","112620"
"10","FR","2027","Ménières","102027"
"21","TI","5198","Melide","215198"
"9","ZG","1704","Menzingen","091704"
"21","TI","5117","Mergoscia","215117"
"14","SH","2936","Merishausen","142936"
"19","AG","4314","Mellikon","194314"
"1","ZH","156","Meilen","010156"
"25","GE","6629","Meinier","256629"
"19","AG","4202","Meisterschwanden","194202"
"1","ZH","196","Mönchaltorf","010196"
"19","AG","4254","Möhlin","194254"
"25","GE","6630","Meyrin","256630"
"1","ZH","9","Mettmenstetten","010009"
"21","TI","5118","Minusio","215118"
"10","FR","2271","Meyriez","102271"
"19","AG","4236","Muri (AG)","194236"
"21","TI","5199","Mezzovico-Vira","215199"
"19","AG","4237","Oberrüti","194237"
"1","ZH","93","Oberweningen","010093"
"19","AG","4073","Oberlunkhofen","194073"
"19","AG","4037","Oberrohrdorf","194037"
"19","AG","4140","Oberkulm","194140"
"19","AG","4038","Obersiggenthal","194038"
"1","ZH","137","Oberrieden","010137"
"11","SO","2497","Obergösgen","112497"
"21","TI","5120","Muralto","215120"
"23","VS","6112","Oberems","236112"
"19","AG","4010","Oberentfelden","194010"
"19","AG","4256","Obermumpf","194256"
"1","ZH","92","Oberglatt","010092"
"14","SH","2972","Oberhallau","142972"
"19","AG","4173","Oberhof","194173"
"5","SZ","1368","Oberiberg","051368"
"1","ZH","66","Opfikon","010066"
"25","GE","6631","Onex","256631"
"11","SO","2581","Olten","112581"
"21","TI","5208","Origlio","215208"
"19","AG","4280","Oftringen","194280"
"1","ZH","10","Obfelden","010010"
"1","ZH","157","Oetwil am See","010157"
"11","SO","2553","Oberdorf (SO)","112553"
"19","AG","4257","Olsberg","194257"
"19","AG","4175","Oeschgen","194175"
"23","VS","6198","Niedergesteln","236198"
"19","AG","4034","Neuenhof","194034"
"9","ZG","1705","Neuheim","091705"
"23","VS","6024","Nendaz","236024"
"14","SH","2904","Neunkirch","142904"
"10","FR","2211","Neyruz (FR)","102211"
"1","ZH","65","Oberembrach","010065"
"14","SH","2937","Neuhausen am Rheinfall","142937"
"21","TI","5205","Muzzano","215205"
"1","ZH","89","Niederglatt","010089"
"1","ZH","88","Neerach","010088"
"21","TI","5206","Neggio","215206"
"21","TI","5260","Novazzano","215260"
"11","SO","2478","Nuglar-St. Pantaleon","112478"
"11","SO","2621","Nunningen","112621"
"10","FR","2035","Nuvilly","102035"
"9","ZG","1706","Oberägeri","091706"
"7","NW","1508","Oberdorf (NW)","071508"
"11","SO","2495","Niedergösgen","112495"
"1","ZH","90","Niederhasli","010090"
"19","AG","4204","Niederlenz","194204"
"19","AG","4035","Niederrohrdorf","194035"
"1","ZH","91","Niederweningen","010091"
"19","AG","4072","Niederwil (AG)","194072"
"10","FR","2149","La Roche","102149"
"25","GE","6627","Laconnex","256627"
"1","ZH","154","Küsnacht (ZH)","010154"
"19","AG","4008","Küttigen","194008"
"23","VS","6286","Lalden","236286"
"25","GE","6623","Le Grand-Saconnex","256623"
"5","SZ","1344","Lachen","051344"
"23","VS","6061","Lax","236061"
"10","FR","2067","Le Châtelard","102067"
"10","FR","2145","Le Pâquier (FR)","102145"
"1","ZH","195","Maur","010195"
"21","TI","5189","Lamone","215189"
"25","GE","6628","Lancy","256628"
"11","SO","2550","Langendorf","112550"
"5","SZ","1365","Lauerz","051365"
"1","ZH","34","Laufen-Uhwiesen","010034"
"1","ZH","136","Langnau am Albis","010136"
"19","AG","4233","Kallern","194233"
"25","GE","6626","Jussy","256626"
"19","AG","4252","Kaiseraugst","194252"
"19","AG","4071","Jonen","194071"
"11","SO","2549","Kammersrohr","112549"
"11","SO","2580","Kappel (SO)","112580"
"19","AG","4031","Künten","194031"
"23","VS","6109","Inden","236109"
"5","SZ","1364","Ingenbohl","051364"
"5","SZ","1343","Innerthal","051343"
"4","UR","1211","Isenthal","041211"
"23","VS","6134","Isérables","236134"
"21","TI","5009","Isone","215009"
"10","FR","2138","Jaun","102138"
"1","ZH","6","Kappel am Albis","010006"
"19","AG","4309","Klingnau","194309"
"1","ZH","7","Knonau","010007"
"19","AG","4276","Kölliken","194276"
"19","AG","4310","Koblenz","194310"
"23","VS","6197","Kippel","236197"
"6","OW","1404","Kerns","061404"
"10","FR","2265","Kerzers","102265"
"11","SO","2492","Kienberg","112492"
"11","SO","2619","Kleinlützel","112619"
"19","AG","4030","Killwangen","194030"
"19","AG","4311","Leibstadt","194311"
"19","AG","4275","Kirchleerau","194275"
"1","ZH","33","Kleinandelfingen","010033"
"10","FR","2266","Kleinbösingen","102266"
"1","ZH","135","Kilchberg (ZH)","010135"
"15","AR","3033","Lutzenberg","153033"
"19","AG","4253","Magden","194253"
"19","AG","4032","Mägenwil","194032"
"21","TI","5193","Magliaso","215193"
"6","OW","1405","Lungern","061405"
"1","ZH","63","Lufingen","010063"
"21","TI","5010","Lumino","215010"
"10","FR","2086","Massonnens","102086"
"1","ZH","8","Maschwanden","010008"
"23","VS","6215","Massongex","236215"
"1","ZH","35","Marthalen","010035"
"10","FR","2208","Matran","102208"
"21","TI","5196","Massagno","215196"
"19","AG","4105","Mandach","194105"
"1","ZH","155","Männedorf","010155"
"23","VS","6137","Martigny-Combe","236137"
"21","TI","5194","Manno","215194"
"23","VS","6135","Leytron","236135"
"19","AG","4313","Leuggern","194313"
"23","VS","6111","Leukerbad","236111"
"19","AG","4138","Leutwil","194138"
"19","AG","4201","Lenzburg","194201"
"19","AG","4137","Leimbach (AG)","194137"
"19","AG","4312","Lengnau (AG)","194312"
"23","VS","6033","Liddes","236033"
"23","VS","6240","Lens","236240"
"14","SH","2917","Lohn (SH)","142917"
"14","SH","2903","Löhningen","142903"
"11","SO","2551","Lommiswil","112551"
"21","TI","5115","Losone","215115"
"11","SO","2493","Lostorf","112493"
"21","TI","5315","Linescio","215315"
"1","ZH","176","Lindau","010176"
"21","TI","5113","Locarno","215113"
"19","AG","4075","Rudolfstetten-Friedlisberg","194075"
"1","ZH","178","Russikon","010178"
"1","ZH","139","Rüschlikon","010139"
"19","AG","4206","Rupperswil","194206"
"1","ZH","97","Rümlang","010097"
"19","AG","4112","Rüfenach","194112"
"14","SH","2938","Rüdlingen","142938"
"19","AG","4238","Rottenschwil","194238"
"19","AG","4282","Rothrist","194282"
"5","SZ","1370","Rothenthurm","051370"
"23","VS","6246","Saint-Léonard","236246"
"6","OW","1406","Sachseln","061406"
"23","VS","6155","Saint-Gingolph","236155"
"23","VS","6140","Saillon","236140"
"25","GE","6637","Russin","256637"
"19","AG","4283","Safenwil","194283"
"11","SO","2555","Rüttenen","112555"
"1","ZH","118","Rüti (ZH)","010118"
"1","ZH","225","Rickenbach (ZH)","010225"
"19","AG","4111","Riniken","194111"
"1","ZH","12","Rifferswil","010012"
"5","SZ","1369","Riemenstalden","051369"
"12","BS","2703","Riehen","122703"
"21","TI","5263","Riva San Vitale","215263"
"11","SO","2582","Rickenbach (SO)","112582"
"1","ZH","138","Richterswil","010138"
"10","FR","2148","Riaz","102148"
"19","AG","4258","Rheinfelden","194258"
"1","ZH","38","Rheinau","010038"
"15","AR","3035","Reute (AR)","153035"
"23","VS","6139","Riddes","236139"
"1","ZH","68","Rorbas","010068"
"21","TI","5125","Ronco sopra Ascona","215125"
"9","ZG","1707","Risch","091707"
"11","SO","2479","Rodersdorf","112479"
"19","AG","4208","Seengen","194208"
"4","UR","1215","Seelisberg","041215"
"1","ZH","119","Seegräben","010119"
"5","SZ","1372","Schwyz","051372"
"1","ZH","197","Schwerzenbach","010197"
"15","AR","3004","Schwellbrunn","153004"
"19","AG","4176","Schwaderloch","194176"
"19","AG","4259","Schupfart","194259"
"5","SZ","1346","Schübelbach","051346"
"11","SO","2583","Schönenwerd","112583"
"15","AR","3003","Schönengrund","153003"
"1","ZH","227","Seuzach","010227"
"19","AG","4177","Sisseln","194177"
"4","UR","1217","Sisikon","041217"
"19","AG","4239","Sins","194239"
"23","VS","6009","Simplon","236009"
"4","UR","1216","Silenen","041216"
"19","AG","4319","Siglistorf","194319"
"14","SH","2953","Siblingen","142953"
"11","SO","2480","Seewen","112480"
"10","FR","2043","Sévaz","102043"
"19","AG","4209","Seon","194209"
"23","VS","6035","Sembrancher","236035"
"11","SO","2556","Selzach","112556"
"19","AG","4144","Schöftland","194144"
"6","OW","1407","Sarnen","061407"
"19","AG","4076","Sarmenstorf","194076"
"21","TI","5017","Sant'Antonino","215017"
"23","VS","6218","Salvan","236218"
"5","SZ","1371","Sattel","051371"
"23","VS","6087","Saint-Martin (VS)","236087"
"23","VS","6113","Salgesch","236113"
"1","ZH","99","Schöfflisdorf","010099"
"11","SO","2461","Schnottwil","112461"
"19","AG","4318","Schneisingen","194318"
"10","FR","2305","Schmitten (FR)","102305"
"19","AG","4143","Schmiedrued","194143"
"19","AG","4142","Schlossrued","194142"
"14","SH","2952","Schleitheim","142952"
"1","ZH","98","Schleinikon","010098"
"25","GE","6638","Satigny","256638"
"4","UR","1213","Schattdorf","041213"
"19","AG","4207","Schafisheim","194207"
"23","VS","6141","Saxon","236141"
"21","TI","5221","Savosa","215221"
"23","VS","6265","Savièse","236265"
"21","TI","5214","Porza","215214"
"23","VS","6154","Port-Valais","236154"
"10","FR","2147","Pont-la-Ville","102147"
"21","TI","5077","Pollegio","215077"
"1","ZH","67","Rafz","010067"
"21","TI","5216","Pura","215216"
"25","GE","6636","Puplinge","256636"
"10","FR","2038","Prévondavaux","102038"
"25","GE","6635","Presinge","256635"
"25","GE","6634","Pregny-Chambésy","256634"
"19","AG","4205","Othmarsingen","194205"
"25","GE","6633","Plan-les-Ouates","256633"
"21","TI","5210","Paradiso","215210"
"1","ZH","11","Ottenbach","010011"
"1","ZH","94","Otelfingen","010094"
"1","ZH","37","Ossingen","010037"
"23","VS","6034","Orsières","236034"
"21","TI","5121","Orselina","215121"
"1","ZH","177","Pfäffikon","010177"
"21","TI","5212","Ponte Capriasca","215212"
"10","FR","2216","Pierrafortscha","102216"
"1","ZH","224","Pfungen","010224"
"21","TI","5076","Personico","215076"
"25","GE","6632","Perly-Certoux","256632"
"19","AG","4110","Remigen","194110"
"23","VS","6199","Raron","236199"
"19","AG","4039","Remetschwil","194039"
"4","UR","1212","Realp","041212"
"1","ZH","95","Regensberg","010095"
"1","ZH","96","Regensdorf","010096"
"15","AR","3034","Rehetobel","153034"
"14","SH","2963","Ramsen","142963"
"10","FR","2333","Remaufens","102333"
"19","AG","4141","Reinach (AG)","194141"
"10","FR","2301","Rechthalten","102301"
"23","VS","6287","Randa","236287"
"5","SZ","1345","Reichenburg","051345"
"11","SO","2455","Lüterkofen-Ichertswil","112455"
"10","FR","2295","Bösingen","102295"
"10","FR","2336","Semsales","102336"
"10","FR","2300","Plasselb","102300"
"23","VS","6297","Visp","236297"
"23","VS","6248","Sierre","236248"
"23","VS","6002","Brig-Glis","236002"
"11","SO","2576","Gretzenbach","112576"
"10","FR","2309","Wünnewil-Flamatt","102309"
"10","FR","2206","Marly","102206"
"1","ZH","200","Wangen-Brüttisellen","010200"
"21","TI","5250","Chiasso","215250"
"1","ZH","14","Wettswil am Albis","010014"
"1","ZH","1","Aeugst am Albis","010001"
"1","ZH","159","Uetikon am See","010159"
"26","JU","6702","Boécourt","266702"
"26","JU","6703","Bourrignon","266703"
"26","JU","6704","Châtillon (JU)","266704"
"26","JU","6706","Courchapoix","266706"
"26","JU","6709","Courroux","266709"
"26","JU","6710","Courtételle","266710"
"26","JU","6711","Delémont","266711"
"26","JU","6712","Develier","266712"
"26","JU","6713","Ederswiler","266713"
"26","JU","6715","Mervelier","266715"
"26","JU","6718","Movelier","266718"
"26","JU","6719","Pleigne","266719"
"26","JU","6721","Rossemaison","266721"
"26","JU","6722","Saulcy","266722"
"26","JU","6724","Soyhières","266724"
"26","JU","6741","Le Bémont (JU)","266741"
"26","JU","6742","Les Bois","266742"
"26","JU","6745","Les Enfers","266745"
"26","JU","6748","Les Genevez (JU)","266748"
"26","JU","6750","Lajoux (JU)","266750"
"26","JU","6754","Le Noirmont","266754"
"26","JU","6758","Saint-Brais","266758"
"26","JU","6759","Soubey","266759"
"26","JU","6771","Alle","266771"
"26","JU","6774","Boncourt","266774"
"26","JU","6778","Bure","266778"
"26","JU","6781","Coeuve","266781"
"26","JU","6782","Cornol","266782"
"26","JU","6783","Courchavon","266783"
"26","JU","6784","Courgenay","266784"
"26","JU","6785","Courtedoux","266785"
"26","JU","6789","Fahy","266789"
"26","JU","6792","Grandfontaine","266792"
"26","JU","6800","Porrentruy","266800"
"26","JU","6806","Vendlincourt","266806"
"10","FR","2096","Romont (FR)","102096"
"19","AG","4061","Arni (AG)","194061"
"19","AG","4084","Islisberg","194084"
"26","JU","6716","Mettembert","266716"
"19","AG","4074","Oberwil-Lieli","194074"
"1","ZH","161","Zollikon","010161"
"11","SO","2476","Hofstetten-Flüh","112476"
"1","ZH","261","Zürich","010261"
"1","ZH","242","Birmensdorf (ZH)","010242"
"1","ZH","243","Dietikon","010243"
"1","ZH","244","Geroldswil","010244"
"1","ZH","245","Oberengstringen","010245"
"1","ZH","246","Oetwil an der Limmat","010246"
"1","ZH","247","Schlieren","010247"
"1","ZH","248","Uitikon","010248"
"1","ZH","249","Unterengstringen","010249"
"1","ZH","250","Urdorf","010250"
"1","ZH","251","Weiningen (ZH)","010251"
"10","FR","2041","Saint-Aubin (FR)","102041"
"11","SO","2401","Egerkingen","112401"
"11","SO","2402","Härkingen","112402"
"11","SO","2403","Kestenholz","112403"
"11","SO","2405","Niederbuchsiten","112405"
"11","SO","2407","Oensingen","112407"
"11","SO","2408","Wolfwil","112408"
"11","SO","2421","Aedermannsdorf","112421"
"11","SO","2422","Balsthal","112422"
"11","SO","2424","Herbetswil","112424"
"11","SO","2425","Holderbank (SO)","112425"
"11","SO","2426","Laupersdorf","112426"
"11","SO","2427","Matzendorf","112427"
"11","SO","2428","Mümliswil-Ramiswil","112428"
"11","SO","2513","Biberist","112513"
"11","SO","2514","Bolken","112514"
"11","SO","2516","Deitingen","112516"
"11","SO","2517","Derendingen","112517"
"11","SO","2518","Etziken","112518"
"11","SO","2519","Gerlafingen","112519"
"11","SO","2520","Halten","112520"
"11","SO","2523","Horriwil","112523"
"11","SO","2524","Hüniken","112524"
"11","SO","2525","Kriegstetten","112525"
"11","SO","2527","Luterbach","112527"
"11","SO","2528","Obergerlafingen","112528"
"11","SO","2529","Oekingen","112529"
"11","SO","2530","Recherswil","112530"
"11","SO","2532","Subingen","112532"
"11","SO","2534","Zuchwil","112534"
"11","SO","2526","Lohn-Ammannsegg","112526"
"23","VS","6008","Ried-Brig","236008"
"13","BL","2821","Arisdorf","132821"
"13","BL","2822","Augst","132822"
"13","BL","2823","Bubendorf","132823"
"13","BL","2824","Frenkendorf","132824"
"13","BL","2825","Füllinsdorf","132825"
"13","BL","2826","Giebenach","132826"
"13","BL","2827","Hersberg","132827"
"13","BL","2828","Lausen","132828"
"13","BL","2829","Liestal","132829"
"13","BL","2830","Lupsingen","132830"
"13","BL","2831","Pratteln","132831"
"13","BL","2832","Ramlinsburg","132832"
"13","BL","2833","Seltisberg","132833"
"13","BL","2834","Ziefen","132834"
"13","BL","2841","Anwil","132841"
"13","BL","2842","Böckten","132842"
"13","BL","2843","Buckten","132843"
"13","BL","2844","Buus","132844"
"13","BL","2845","Diepflingen","132845"
"13","BL","2846","Gelterkinden","132846"
"13","BL","2847","Häfelfingen","132847"
"13","BL","2848","Hemmiken","132848"
"13","BL","2849","Itingen","132849"
"13","BL","2850","Känerkinden","132850"
"13","BL","2851","Kilchberg (BL)","132851"
"13","BL","2852","Läufelfingen","132852"
"13","BL","2853","Maisprach","132853"
"13","BL","2854","Nusshof","132854"
"13","BL","2855","Oltingen","132855"
"13","BL","2856","Ormalingen","132856"
"13","BL","2857","Rickenbach (BL)","132857"
"13","BL","2858","Rothenfluh","132858"
"13","BL","2859","Rümlingen","132859"
"13","BL","2860","Rünenberg","132860"
"13","BL","2861","Sissach","132861"
"13","BL","2862","Tecknau","132862"
"13","BL","2863","Tenniken","132863"
"13","BL","2864","Thürnen","132864"
"13","BL","2865","Wenslingen","132865"
"13","BL","2866","Wintersingen","132866"
"13","BL","2867","Wittinsburg","132867"
"13","BL","2868","Zeglingen","132868"
"13","BL","2869","Zunzgen","132869"
"13","BL","2881","Arboldswil","132881"
"13","BL","2882","Bennwil","132882"
"13","BL","2883","Bretzwil","132883"
"13","BL","2884","Diegten","132884"
"13","BL","2885","Eptingen","132885"
"13","BL","2886","Hölstein","132886"
"13","BL","2887","Lampenberg","132887"
"13","BL","2888","Langenbruck","132888"
"13","BL","2889","Lauwil","132889"
"13","BL","2890","Liedertswil","132890"
"13","BL","2891","Niederdorf","132891"
"13","BL","2892","Oberdorf (BL)","132892"
"13","BL","2893","Reigoldswil","132893"
"13","BL","2894","Titterten","132894"
"13","BL","2895","Waldenburg","132895"
"13","BL","2761","Aesch (BL)","132761"
"13","BL","2762","Allschwil","132762"
"13","BL","2763","Arlesheim","132763"
"13","BL","2764","Biel-Benken","132764"
"13","BL","2765","Binningen","132765"
"13","BL","2766","Birsfelden","132766"
"13","BL","2767","Bottmingen","132767"
"13","BL","2768","Ettingen","132768"
"13","BL","2769","Münchenstein","132769"
"13","BL","2770","Muttenz","132770"
"13","BL","2771","Oberwil (BL)","132771"
"13","BL","2772","Pfeffingen","132772"
"13","BL","2773","Reinach (BL)","132773"
"13","BL","2774","Schönenbuch","132774"
"13","BL","2775","Therwil","132775"
"13","BL","2781","Blauen","132781"
"13","BL","2782","Brislach","132782"
"13","BL","2783","Burg im Leimental","132783"
"13","BL","2784","Dittingen","132784"
"13","BL","2785","Duggingen","132785"
"13","BL","2786","Grellingen","132786"
"13","BL","2787","Laufen","132787"
"13","BL","2788","Liesberg","132788"
"13","BL","2789","Nenzlingen","132789"
"13","BL","2790","Roggenburg","132790"
"13","BL","2791","Röschenz","132791"
"13","BL","2792","Wahlen","132792"
"13","BL","2793","Zwingen","132793"
"10","FR","2272","Misery-Courtion","102272"
"16","AI","3101","Appenzell","163101"
"16","AI","3102","Gonten","163102"
"16","AI","3104","Schlatt-Haslen","163104"
"16","AI","3111","Oberegg","163111"
"10","FR","2063","Billens-Hennens","102063"
"1","ZH","226","Schlatt (ZH)","010226"
"23","VS","6117","Guttet-Feschel","236117"
"10","FR","2140","Marsens","102140"
"10","FR","2234","La Brillaz","102234"
"10","FR","2114","Villorsonnens","102114"
"10","FR","2152","Sâles","102152"
"10","FR","2233","Hauterive (FR)","102233"
"10","FR","2174","Avry","102174"
"19","AG","4289","Zofingen","194289"
"10","FR","2121","Haut-Intyamon","102121"
"1","ZH","241","Aesch (ZH)","010241"
"10","FR","2122","Pont-en-Ogoz","102122"
"10","FR","2220","Le Mouret","102220"
"19","AG","4100","Hausen (AG)","194100"
"17","SG","3201","Häggenschwil","173201"
"17","SG","3202","Muolen","173202"
"17","SG","3203","St. Gallen","173203"
"17","SG","3204","Wittenbach","173204"
"17","SG","3211","Berg (SG)","173211"
"17","SG","3212","Eggersriet","173212"
"17","SG","3213","Goldach","173213"
"17","SG","3214","Mörschwil","173214"
"17","SG","3215","Rorschach","173215"
"17","SG","3216","Rorschacherberg","173216"
"17","SG","3217","Steinach","173217"
"17","SG","3218","Tübach","173218"
"17","SG","3219","Untereggen","173219"
"17","SG","3231","Au (SG)","173231"
"17","SG","3232","Balgach","173232"
"17","SG","3233","Berneck","173233"
"17","SG","3234","Diepoldsau","173234"
"17","SG","3235","Rheineck","173235"
"17","SG","3236","St. Margrethen","173236"
"17","SG","3237","Thal","173237"
"17","SG","3238","Widnau","173238"
"17","SG","3251","Altstätten","173251"
"17","SG","3252","Eichberg","173252"
"17","SG","3253","Marbach (SG)","173253"
"17","SG","3254","Oberriet (SG)","173254"
"17","SG","3255","Rebstein","173255"
"17","SG","3256","Rüthi (SG)","173256"
"17","SG","3271","Buchs (SG)","173271"
"17","SG","3272","Gams","173272"
"17","SG","3273","Grabs","173273"
"17","SG","3274","Sennwald","173274"
"17","SG","3275","Sevelen","173275"
"17","SG","3276","Wartau","173276"
"17","SG","3291","Bad Ragaz","173291"
"17","SG","3292","Flums","173292"
"17","SG","3293","Mels","173293"
"17","SG","3294","Pfäfers","173294"
"17","SG","3295","Quarten","173295"
"17","SG","3296","Sargans","173296"
"17","SG","3297","Vilters-Wangs","173297"
"17","SG","3298","Walenstadt","173298"
"17","SG","3311","Amden","173311"
"17","SG","3312","Benken (SG)","173312"
"17","SG","3313","Kaltbrunn","173313"
"17","SG","3315","Schänis","173315"
"17","SG","3316","Weesen","173316"
"17","SG","3338","Schmerikon","173338"
"17","SG","3339","Uznach","173339"
"17","SG","3352","Ebnat-Kappel","173352"
"17","SG","3374","Lichtensteig","173374"
"17","SG","3392","Kirchberg (SG)","173392"
"17","SG","3393","Lütisburg","173393"
"17","SG","3394","Mosnang","173394"
"17","SG","3401","Degersheim","173401"
"17","SG","3402","Flawil","173402"
"17","SG","3405","Jonschwil","173405"
"17","SG","3407","Oberuzwil","173407"
"17","SG","3408","Uzwil","173408"
"17","SG","3422","Niederbüren","173422"
"17","SG","3423","Niederhelfenschwil","173423"
"17","SG","3424","Oberbüren","173424"
"17","SG","3426","Zuzwil (SG)","173426"
"17","SG","3441","Andwil (SG)","173441"
"17","SG","3442","Gaiserwald","173442"
"17","SG","3443","Gossau (SG)","173443"
"17","SG","3444","Waldkirch","173444"
"23","VS","6181","Riederalp","236181"
"11","SO","2477","Metzerlen-Mariastein","112477"
"5","SZ","1331","Küssnacht (SZ)","051331"
"10","FR","2050","Les Montets","102050"
"10","FR","2029","Montagny (FR)","102029"
"10","FR","2087","Mézières (FR)","102087"
"10","FR","2099","Siviriez","102099"
"10","FR","2115","Torny","102115"
"10","FR","2162","Bas-Intyamon","102162"
"10","FR","2113","Vuisternens-devant-Romont","102113"
"10","FR","2235","La Sonnaz","102235"
"10","FR","2337","Le Flon","102337"
"10","FR","2338","La Verrerie","102338"
"10","FR","2335","Saint-Martin (FR)","102335"
"21","TI","5048","Acquarossa","215048"
"21","TI","5317","Maggia","215317"
"21","TI","5323","Lavizzara","215323"
"21","TI","5249","Castel San Pietro","215249"
"23","VS","6056","Ernen","236056"
"10","FR","2011","Cugy (FR)","102011"
"10","FR","2051","Delley-Portalban","102051"
"10","FR","2262","Gurmels","102262"
"14","SH","2974","Wilchingen","142974"
"21","TI","5003","Cadenazzo","215003"
"21","TI","5237","Alto Malcantone","215237"
"10","FR","2025","Lully (FR)","102025"
"10","FR","2125","Bulle","102125"
"10","FR","2276","Ried bei Kerzers","102276"
"10","FR","2123","Botterens","102123"
"11","SO","2503","Erlinsbach (SO)","112503"
"19","AG","4005","Erlinsbach (AG)","194005"
"19","AG","4049","Ehrendingen","194049"
"19","AG","4121","Villigen","194121"
"22","VD","5401","Aigle","225401"
"22","VD","5402","Bex","225402"
"22","VD","5830","Villarzel","225830"
"22","VD","5928","Rovray","225928"
"22","VD","5790","Maracon","225790"
"22","VD","5456","Cudrefin","225456"
"22","VD","5487","Lussery-Villars","225487"
"22","VD","5761","Romainmôtier-Envy","225761"
"22","VD","5886","Montreux","225886"
"22","VD","5512","Bercher","225512"
"22","VD","5760","Rances","225760"
"22","VD","5495","Penthalaz","225495"
"22","VD","5496","Penthaz","225496"
"22","VD","5531","Penthéréaz","225531"
"22","VD","5860","Perroy","225860"
"22","VD","5822","Payerne","225822"
"22","VD","5529","Oulens-sous-Echallens","225529"
"22","VD","5925","Orzens","225925"
"22","VD","5530","Pailly","225530"
"22","VD","5588","Paudex","225588"
"22","VD","5759","Premier","225759"
"22","VD","5643","Préverenges","225643"
"22","VD","5683","Prévonloup","225683"
"22","VD","5566","Provence","225566"
"22","VD","5607","Puidoux","225607"
"22","VD","5590","Pully","225590"
"22","VD","5589","Prilly","225589"
"22","VD","5533","Poliez-Pittet","225533"
"22","VD","5497","Pompaples","225497"
"22","VD","5926","Pomy","225926"
"22","VD","5591","Renens (VD)","225591"
"22","VD","5725","Prangins","225725"
"22","VD","5437","Saubraz","225437"
"22","VD","5611","Savigny","225611"
"22","VD","5436","Saint-Oyens","225436"
"22","VD","5646","Saint-Prex","225646"
"22","VD","5610","Saint-Saphorin (Lavaux)","225610"
"22","VD","5648","Saint-Sulpice (VD)","225648"
"22","VD","5568","Sainte-Croix","225568"
"22","VD","5499","Senarclens","225499"
"22","VD","5762","Sergey","225762"
"22","VD","5728","Signy-Avenex","225728"
"22","VD","5435","Saint-Livres","225435"
"22","VD","5609","Rivaz","225609"
"22","VD","5413","Roche (VD)","225413"
"22","VD","5861","Rolle","225861"
"22","VD","5592","Romanel-sur-Lausanne","225592"
"22","VD","5645","Romanel-sur-Morges","225645"
"22","VD","5798","Ropraz","225798"
"22","VD","5842","Rossinière","225842"
"22","VD","5684","Rossenges","225684"
"22","VD","5535","Saint-Barthélemy (VD)","225535"
"22","VD","5727","Saint-Cergue","225727"
"22","VD","5434","Saint-George","225434"
"22","VD","5412","Rennaz","225412"
"22","VD","5564","Novalles","225564"
"22","VD","5843","Rougemont","225843"
"22","VD","5534","Rueyres","225534"
"22","VD","5408","Noville","225408"
"22","VD","5755","Lignerolle","225755"
"22","VD","5638","Lonay","225638"
"22","VD","5674","Lovatens","225674"
"22","VD","5429","Longirod","225429"
"22","VD","5407","Leysin","225407"
"22","VD","5750","Les Clées","225750"
"22","VD","5430","Marchissy","225430"
"22","VD","5562","Mauborget","225562"
"22","VD","5919","Mathod","225919"
"22","VD","5639","Lully (VD)","225639"
"22","VD","5640","Lussy-sur-Morges","225640"
"22","VD","5858","Luins","225858"
"22","VD","5731","Le Vaud","225731"
"22","VD","5606","Lutry","225606"
"22","VD","5885","Jongny","225885"
"22","VD","5754","Juriens","225754"
"22","VD","5585","Jouxtens-Mézery","225585"
"22","VD","5406","Lavey-Morcles","225406"
"22","VD","5872","Le Chenit","225872"
"22","VD","5587","Le Mont-sur-Lausanne","225587"
"22","VD","5873","Le Lieu","225873"
"22","VD","5586","Lausanne","225586"
"22","VD","5637","Lavigny","225637"
"22","VD","5474","La Chaux (Cossonay)","225474"
"22","VD","5486","L'Isle","225486"
"22","VD","5741","L'Abergement","225741"
"22","VD","5871","L'Abbaye","225871"
"22","VD","5758","La Praz","225758"
"22","VD","5889","La Tour-de-Peilz","225889"
"22","VD","5498","La Sarraz","225498"
"22","VD","5726","La Rippe","225726"
"22","VD","5724","Nyon","225724"
"22","VD","5563","Mutrux","225563"
"22","VD","5409","Ollon","225409"
"22","VD","5680","Ogens","225680"
"22","VD","5923","Oppens","225923"
"22","VD","5493","Orny","225493"
"22","VD","5411","Ormont-Dessus","225411"
"22","VD","5410","Ormont-Dessous","225410"
"22","VD","5924","Orges","225924"
"22","VD","5565","Onnens (VD)","225565"
"22","VD","5757","Orbe","225757"
"22","VD","5489","Mex (VD)","225489"
"22","VD","5921","Molondin","225921"
"22","VD","5431","Mollens (VD)","225431"
"22","VD","5723","Mies","225723"
"22","VD","5490","Moiry","225490"
"22","VD","5821","Missy","225821"
"22","VD","5488","Mauraz","225488"
"22","VD","5678","Moudon","225678"
"22","VD","5491","Mont-la-Ville","225491"
"22","VD","5527","Morrens (VD)","225527"
"22","VD","5756","Montcherand","225756"
"22","VD","5642","Morges","225642"
"22","VD","5922","Montagny-près-Yverdon","225922"
"22","VD","5859","Mont-sur-Rolle","225859"
"22","VD","5492","Montricher","225492"
"22","VD","5792","Montpreveyres","225792"
"22","VD","5673","Hermenches","225673"
"22","VD","5914","Ependes (VD)","225914"
"22","VD","5584","Epalinges","225584"
"22","VD","5521","Etagnières","225521"
"22","VD","5636","Etoy","225636"
"22","VD","5856","Essertines-sur-Rolle","225856"
"22","VD","5716","Eysins","225716"
"22","VD","5819","Henniez","225819"
"22","VD","5520","Essertines-sur-Yverdon","225520"
"22","VD","5715","Duillier","225715"
"22","VD","5855","Dully","225855"
"22","VD","5671","Dompierre (VD)","225671"
"22","VD","5482","Eclépens","225482"
"22","VD","5518","Echallens","225518"
"22","VD","5633","Echandens","225633"
"22","VD","5635","Ecublens (VD)","225635"
"22","VD","5561","Grandson","225561"
"22","VD","5718","Genolier","225718"
"22","VD","5722","Grens","225722"
"22","VD","5817","Grandcour","225817"
"22","VD","5428","Gimel","225428"
"22","VD","5719","Gingins","225719"
"22","VD","5560","Grandevent","225560"
"22","VD","5721","Gland","225721"
"22","VD","5484","Gollion","225484"
"22","VD","5720","Givrins","225720"
"22","VD","5485","Grancy","225485"
"22","VD","5857","Gilly","225857"
"22","VD","5559","Giez","225559"
"22","VD","5556","Fiez","225556"
"22","VD","5427","Féchy","225427"
"22","VD","5522","Fey","225522"
"22","VD","5483","Ferreyres","225483"
"22","VD","5405","Gryon","225405"
"22","VD","5523","Froideville","225523"
"22","VD","5458","Faoug","225458"
"22","VD","5717","Founex","225717"
"22","VD","5557","Fontaines-sur-Grandson","225557"
"22","VD","5604","Forel (Lavaux)","225604"
"22","VD","5471","Bettens","225471"
"22","VD","5903","Bioley-Magnoux","225903"
"22","VD","5425","Bière","225425"
"22","VD","5902","Belmont-sur-Yverdon","225902"
"22","VD","5581","Belmont-sur-Lausanne","225581"
"22","VD","5704","Begnins","225704"
"22","VD","5424","Berolle","225424"
"22","VD","5426","Bougy-Villars","225426"
"22","VD","5473","Boussens","225473"
"22","VD","5472","Bournens","225472"
"22","VD","5661","Boulens","225661"
"22","VD","5748","Bretonnières","225748"
"22","VD","5622","Bremblens","225622"
"22","VD","5514","Bottens","225514"
"22","VD","5515","Bretigny-sur-Morrens","225515"
"22","VD","5747","Bofflens","225747"
"22","VD","5706","Borex","225706"
"22","VD","5705","Bogis-Bossey","225705"
"22","VD","5551","Bonvillars","225551"
"22","VD","5743","Arnex-sur-Orbe","225743"
"22","VD","5701","Arnex-sur-Nyon","225701"
"22","VD","5621","Aclens","225621"
"22","VD","5851","Allaman","225851"
"22","VD","5742","Agiez","225742"
"22","VD","5423","Ballens","225423"
"22","VD","5744","Ballaigues","225744"
"22","VD","5746","Bavois","225746"
"22","VD","5745","Baulmes","225745"
"22","VD","5703","Bassins","225703"
"22","VD","5785","Corcelles-le-Jorat","225785"
"22","VD","5404","Corbeyrier","225404"
"22","VD","5712","Coppet","225712"
"22","VD","5554","Concise","225554"
"22","VD","5711","Commugny","225711"
"22","VD","5883","Corseaux","225883"
"22","VD","5555","Corcelles-près-Concise","225555"
"22","VD","5816","Corcelles-près-Payerne","225816"
"22","VD","5601","Chexbres","225601"
"22","VD","5813","Chevroux","225813"
"22","VD","5403","Chessel","225403"
"22","VD","5709","Chéserex","225709"
"22","VD","5582","Cheseaux-sur-Lausanne","225582"
"22","VD","5909","Cheseaux-Noréaz","225909"
"22","VD","5476","Chevilly","225476"
"22","VD","5628","Chigny","225628"
"22","VD","5629","Clarmont","225629"
"22","VD","5710","Coinsins","225710"
"22","VD","5480","Daillens","225480"
"22","VD","5912","Démoret","225912"
"22","VD","5669","Curtilles","225669"
"22","VD","5632","Denges","225632"
"22","VD","5631","Denens","225631"
"22","VD","5516","Cugy (VD)","225516"
"22","VD","5477","Cossonay","225477"
"22","VD","5911","Cuarny","225911"
"22","VD","5479","Cuarnens","225479"
"22","VD","5752","Croy","225752"
"22","VD","5583","Crissier","225583"
"22","VD","5884","Corsier-sur-Vevey","225884"
"22","VD","5714","Crassier","225714"
"22","VD","5910","Cronay","225910"
"22","VD","5852","Bursinel","225852"
"22","VD","5853","Bursins","225853"
"22","VD","5663","Bussy-sur-Moudon","225663"
"22","VD","5854","Burtigny","225854"
"22","VD","5552","Bullet","225552"
"22","VD","5623","Buchillon","225623"
"22","VD","5841","Château-d'Oex","225841"
"22","VD","5882","Chardonne","225882"
"22","VD","5553","Champagne","225553"
"22","VD","5812","Champtauroz","225812"
"22","VD","5475","Chavannes-le-Veyron","225475"
"22","VD","5481","Dizy","225481"
"22","VD","5665","Chavannes-sur-Moudon","225665"
"22","VD","5907","Chavannes-le-Chêne","225907"
"22","VD","5708","Chavannes-des-Bois","225708"
"22","VD","5707","Chavannes-de-Bogis","225707"
"22","VD","5627","Chavannes-près-Renens","225627"
"22","VD","5908","Chêne-Pâquier","225908"
"22","VD","5904","Chamblon","225904"
"22","VD","5764","Vallorbe","225764"
"22","VD","5763","Valeyres-sous-Rances","225763"
"22","VD","5933","Valeyres-sous-Montagny","225933"
"22","VD","5932","Ursins","225932"
"22","VD","5934","Valeyres-sous-Ursins","225934"
"22","VD","5890","Vevey","225890"
"22","VD","5765","Vaulion","225765"
"22","VD","5650","Vaux-sur-Morges","225650"
"22","VD","5891","Veytaux","225891"
"22","VD","5827","Trey","225827"
"22","VD","5931","Treycovagnes","225931"
"22","VD","5730","Trélex","225730"
"22","VD","5649","Tolochenaz","225649"
"22","VD","5828","Treytorrens (Payerne)","225828"
"22","VD","5652","Villars-sous-Yens","225652"
"22","VD","5935","Villars-Epeney","225935"
"22","VD","5651","Villars-Sainte-Croix","225651"
"22","VD","5537","Villars-le-Terroir","225537"
"22","VD","5690","Villars-le-Comte","225690"
"22","VD","5732","Vich","225732"
"22","VD","5862","Tartegnin","225862"
"22","VD","5929","Suchy","225929"
"22","VD","5729","Tannay","225729"
"22","VD","5688","Syens","225688"
"22","VD","5930","Suscévaz","225930"
"22","VD","5501","Sullens","225501"
"22","VD","5654","Vullierens","225654"
"22","VD","5803","Vulliens","225803"
"22","VD","5766","Vuiteboeuf","225766"
"22","VD","5937","Vugelles-La Mothe","225937"
"22","VD","5653","Vufflens-le-Château","225653"
"22","VD","5503","Vufflens-la-Ville","225503"
"22","VD","5692","Vucherens","225692"
"22","VD","5539","Vuarrens","225539"
"22","VD","5415","Yvorne","225415"
"22","VD","5939","Yvonand","225939"
"22","VD","5655","Yens","225655"
"22","VD","5414","Villeneuve (VD)","225414"
"22","VD","5863","Vinzel","225863"
"21","TI","5049","Blenio","215049"
"21","TI","5310","Cevio","215310"
"17","SG","3340","Rapperswil-Jona","173340"
"23","VS","6288","Saas-Almagell","236288"
"23","VS","6289","Saas-Balen","236289"
"23","VS","6290","Saas-Fee","236290"
"23","VS","6291","Saas-Grund","236291"
"21","TI","5226","Capriasca","215226"
"21","TI","5151","Bioggio","215151"
"21","TI","5324","Avegno Gordevio","215324"
"14","SH","2920","Thayngen","142920"
"14","SH","2939","Schaffhausen","142939"
"23","VS","6076","Obergoms","236076"
"23","VS","6118","Gampel-Bratsch","236118"
"23","VS","6203","Mörel-Filet","236203"
"23","VS","6204","Steg-Hohtenn","236204"
"23","VS","6252","Anniviers","236252"
"26","JU","6808","Clos du Doubs","266808"
"26","JU","6757","Saignelégier","266757"
"26","JU","6751","Montfaucon","266751"
"26","JU","6753","Muriaux","266753"
"26","JU","6810","La Baroche","266810"
"26","JU","6807","Basse-Allaine","266807"
"21","TI","5397","Centovalli","215397"
"21","TI","5269","Breggia","215269"
"2","BE","756","Twann-Tüscherz","020756"
"2","BE","301","Aarberg","020301"
"2","BE","302","Bargen (BE)","020302"
"2","BE","303","Grossaffoltern","020303"
"2","BE","305","Kappelen","020305"
"2","BE","307","Meikirch","020307"
"2","BE","309","Radelfingen","020309"
"2","BE","311","Schüpfen","020311"
"2","BE","312","Seedorf (BE)","020312"
"2","BE","321","Aarwangen","020321"
"2","BE","322","Auswil","020322"
"2","BE","323","Bannwil","020323"
"2","BE","324","Bleienbach","020324"
"2","BE","325","Busswil bei Melchnau","020325"
"2","BE","326","Gondiswil","020326"
"2","BE","331","Lotzwil","020331"
"2","BE","333","Melchnau","020333"
"2","BE","335","Oeschenbach","020335"
"2","BE","336","Reisiswil","020336"
"2","BE","337","Roggwil (BE)","020337"
"2","BE","338","Rohrbach","020338"
"2","BE","339","Rohrbachgraben","020339"
"2","BE","340","Rütschelen","020340"
"2","BE","341","Schwarzhäusern","020341"
"2","BE","342","Thunstetten","020342"
"2","BE","344","Ursenbach","020344"
"2","BE","345","Wynau","020345"
"2","BE","351","Bern","020351"
"2","BE","352","Bolligen","020352"
"2","BE","353","Bremgarten bei Bern","020353"
"2","BE","354","Kirchlindach","020354"
"2","BE","355","Köniz","020355"
"2","BE","356","Muri bei Bern","020356"
"2","BE","357","Oberbalm","020357"
"2","BE","358","Stettlen","020358"
"2","BE","359","Vechigen","020359"
"2","BE","360","Wohlen bei Bern","020360"
"2","BE","361","Zollikofen","020361"
"2","BE","362","Ittigen","020362"
"2","BE","363","Ostermundigen","020363"
"2","BE","371","Biel/Bienne","020371"
"2","BE","372","Evilard","020372"
"2","BE","381","Arch","020381"
"2","BE","382","Büetigen","020382"
"2","BE","383","Büren an der Aare","020383"
"2","BE","385","Diessbach bei Büren","020385"
"2","BE","386","Dotzigen","020386"
"2","BE","387","Lengnau (BE)","020387"
"2","BE","388","Leuzigen","020388"
"2","BE","389","Meienried","020389"
"2","BE","390","Meinisberg","020390"
"2","BE","391","Oberwil bei Büren","020391"
"2","BE","392","Pieterlen","020392"
"2","BE","393","Rüti bei Büren","020393"
"2","BE","394","Wengi","020394"
"2","BE","401","Aefligen","020401"
"2","BE","402","Alchenstorf","020402"
"2","BE","403","Bäriswil","020403"
"2","BE","404","Burgdorf","020404"
"2","BE","406","Hasle bei Burgdorf","020406"
"2","BE","407","Heimiswil","020407"
"2","BE","408","Hellsau","020408"
"2","BE","410","Höchstetten","020410"
"2","BE","411","Kernenried","020411"
"2","BE","412","Kirchberg (BE)","020412"
"2","BE","413","Koppigen","020413"
"2","BE","414","Krauchthal","020414"
"2","BE","415","Lyssach","020415"
"2","BE","418","Oberburg","020418"
"2","BE","420","Rüdtligen-Alchenflüh","020420"
"2","BE","421","Rumendingen","020421"
"2","BE","422","Rüti bei Lyssach","020422"
"2","BE","423","Willadingen","020423"
"2","BE","424","Wynigen","020424"
"2","BE","431","Corgémont","020431"
"2","BE","432","Cormoret","020432"
"2","BE","433","Cortébert","020433"
"2","BE","434","Courtelary","020434"
"2","BE","435","La Ferrière","020435"
"2","BE","437","Mont-Tramelan","020437"
"2","BE","438","Orvin","020438"
"2","BE","441","Renan (BE)","020441"
"2","BE","442","Romont (BE)","020442"
"2","BE","443","Saint-Imier","020443"
"2","BE","444","Sonceboz-Sombeval","020444"
"2","BE","445","Sonvilier","020445"
"2","BE","446","Tramelan","020446"
"2","BE","448","Villeret","020448"
"2","BE","491","Brüttelen","020491"
"2","BE","492","Erlach","020492"
"2","BE","493","Finsterhennen","020493"
"2","BE","494","Gals","020494"
"2","BE","495","Gampelen","020495"
"2","BE","496","Ins","020496"
"2","BE","497","Lüscherz","020497"
"2","BE","498","Müntschemier","020498"
"2","BE","499","Siselen","020499"
"2","BE","500","Treiten","020500"
"2","BE","501","Tschugg","020501"
"2","BE","502","Vinelz","020502"
"2","BE","533","Bätterkinden","020533"
"2","BE","535","Deisswil bei Münchenbuchsee","020535"
"2","BE","541","Iffwil","020541"
"2","BE","543","Mattstetten","020543"
"2","BE","544","Moosseedorf","020544"
"2","BE","551","Urtenen-Schönbühl","020551"
"2","BE","552","Utzenstorf","020552"
"2","BE","553","Wiggiswil","020553"
"2","BE","554","Wiler bei Utzenstorf","020554"
"2","BE","556","Zielebach","020556"
"2","BE","557","Zuzwil (BE)","020557"
"2","BE","561","Adelboden","020561"
"2","BE","562","Aeschi bei Spiez","020562"
"2","BE","563","Frutigen","020563"
"2","BE","564","Kandergrund","020564"
"2","BE","565","Kandersteg","020565"
"2","BE","566","Krattigen","020566"
"2","BE","567","Reichenbach im Kandertal","020567"
"2","BE","571","Beatenberg","020571"
"2","BE","572","Bönigen","020572"
"2","BE","573","Brienz (BE)","020573"
"2","BE","574","Brienzwiler","020574"
"2","BE","575","Därligen","020575"
"2","BE","576","Grindelwald","020576"
"2","BE","577","Gsteigwiler","020577"
"2","BE","578","Gündlischwand","020578"
"2","BE","579","Habkern","020579"
"2","BE","580","Hofstetten bei Brienz","020580"
"2","BE","581","Interlaken","020581"
"2","BE","582","Iseltwald","020582"
"2","BE","584","Lauterbrunnen","020584"
"2","BE","585","Leissigen","020585"
"2","BE","586","Lütschental","020586"
"2","BE","587","Matten bei Interlaken","020587"
"2","BE","588","Niederried bei Interlaken","020588"
"2","BE","589","Oberried am Brienzersee","020589"
"2","BE","590","Ringgenberg (BE)","020590"
"2","BE","591","Saxeten","020591"
"2","BE","592","Schwanden bei Brienz","020592"
"2","BE","593","Unterseen","020593"
"2","BE","594","Wilderswil","020594"
"2","BE","602","Arni (BE)","020602"
"2","BE","603","Biglen","020603"
"2","BE","605","Bowil","020605"
"2","BE","606","Brenzikofen","020606"
"2","BE","607","Freimettigen","020607"
"2","BE","609","Häutligen","020609"
"2","BE","610","Herbligen","020610"
"2","BE","611","Kiesen","020611"
"2","BE","612","Konolfingen","020612"
"2","BE","613","Landiswil","020613"
"2","BE","614","Linden","020614"
"2","BE","615","Mirchel","020615"
"2","BE","617","Niederhünigen","020617"
"2","BE","620","Oberthal","020620"
"2","BE","622","Oppligen","020622"
"2","BE","623","Rubigen","020623"
"2","BE","626","Walkringen","020626"
"2","BE","627","Worb","020627"
"2","BE","628","Zäziwil","020628"
"2","BE","629","Oberhünigen","020629"
"2","BE","630","Allmendingen","020630"
"2","BE","632","Wichtrach","020632"
"2","BE","662","Ferenbalm","020662"
"2","BE","663","Frauenkappelen","020663"
"2","BE","665","Gurbrü","020665"
"2","BE","666","Kriechenwil","020666"
"2","BE","667","Laupen","020667"
"2","BE","668","Mühleberg","020668"
"2","BE","669","Münchenwiler","020669"
"2","BE","670","Neuenegg","020670"
"2","BE","671","Wileroltigen","020671"
"2","BE","681","Belprahon","020681"
"2","BE","683","Champoz","020683"
"2","BE","687","Corcelles (BE)","020687"
"2","BE","690","Court","020690"
"2","BE","691","Crémines","020691"
"2","BE","692","Eschert","020692"
"2","BE","694","Grandval","020694"
"2","BE","696","Loveresse","020696"
"2","BE","700","Moutier","020700"
"2","BE","701","Perrefitte","020701"
"2","BE","703","Reconvilier","020703"
"2","BE","704","Roches (BE)","020704"
"2","BE","706","Saicourt","020706"
"2","BE","707","Saules (BE)","020707"
"2","BE","708","Schelten","020708"
"2","BE","709","Seehof","020709"
"2","BE","711","Sorvilier","020711"
"2","BE","713","Tavannes","020713"
"2","BE","715","Rebévelier","020715"
"2","BE","723","La Neuveville","020723"
"2","BE","724","Nods","020724"
"2","BE","731","Aegerten","020731"
"2","BE","732","Bellmund","020732"
"2","BE","733","Brügg","020733"
"2","BE","734","Bühl","020734"
"2","BE","735","Epsach","020735"
"2","BE","736","Hagneck","020736"
"2","BE","737","Hermrigen","020737"
"2","BE","738","Jens","020738"
"2","BE","739","Ipsach","020739"
"2","BE","740","Ligerz","020740"
"2","BE","741","Merzligen","020741"
"2","BE","742","Mörigen","020742"
"2","BE","743","Nidau","020743"
"2","BE","744","Orpund","020744"
"2","BE","745","Port","020745"
"2","BE","746","Safnern","020746"
"2","BE","747","Scheuren","020747"
"2","BE","748","Schwadernau","020748"
"2","BE","749","Studen (BE)","020749"
"2","BE","750","Sutz-Lattrigen","020750"
"2","BE","751","Täuffelen","020751"
"2","BE","754","Walperswil","020754"
"2","BE","755","Worben","020755"
"2","BE","761","Därstetten","020761"
"2","BE","762","Diemtigen","020762"
"2","BE","763","Erlenbach im Simmental","020763"
"2","BE","766","Oberwil im Simmental","020766"
"2","BE","768","Spiez","020768"
"2","BE","769","Wimmis","020769"
"2","BE","782","Guttannen","020782"
"2","BE","783","Hasliberg","020783"
"2","BE","785","Meiringen","020785"
"2","BE","786","Schattenhalb","020786"
"2","BE","791","Boltigen","020791"
"2","BE","792","Lenk","020792"
"2","BE","793","St. Stephan","020793"
"2","BE","794","Zweisimmen","020794"
"2","BE","841","Gsteig","020841"
"2","BE","842","Lauenen","020842"
"2","BE","843","Saanen","020843"
"2","BE","852","Guggisberg","020852"
"2","BE","853","Rüschegg","020853"
"2","BE","863","Burgistein","020863"
"2","BE","866","Gerzensee","020866"
"2","BE","867","Gurzelen","020867"
"2","BE","868","Jaberg","020868"
"2","BE","869","Kaufdorf","020869"
"2","BE","870","Kehrsatz","020870"
"2","BE","877","Niedermuhlern","020877"
"2","BE","880","Rüeggisberg","020880"
"2","BE","883","Seftigen","020883"
"2","BE","884","Toffen","020884"
"2","BE","886","Wattenwil","020886"
"2","BE","888","Wald (BE)","020888"
"2","BE","901","Eggiwil","020901"
"2","BE","902","Langnau im Emmental","020902"
"2","BE","903","Lauperswil","020903"
"2","BE","904","Röthenbach im Emmental","020904"
"2","BE","905","Rüderswil","020905"
"2","BE","906","Schangnau","020906"
"2","BE","907","Signau","020907"
"2","BE","908","Trub","020908"
"2","BE","909","Trubschachen","020909"
"2","BE","921","Amsoldingen","020921"
"2","BE","922","Blumenstein","020922"
"2","BE","923","Buchholterberg","020923"
"2","BE","924","Eriz","020924"
"2","BE","925","Fahrni","020925"
"2","BE","927","Heiligenschwendi","020927"
"2","BE","928","Heimberg","020928"
"2","BE","929","Hilterfingen","020929"
"2","BE","931","Homberg","020931"
"2","BE","932","Horrenbach-Buchen","020932"
"2","BE","934","Oberhofen am Thunersee","020934"
"2","BE","935","Oberlangenegg","020935"
"2","BE","936","Pohlern","020936"
"2","BE","938","Sigriswil","020938"
"2","BE","940","Teuffenthal (BE)","020940"
"2","BE","941","Thierachern","020941"
"2","BE","942","Thun","020942"
"2","BE","943","Uebeschi","020943"
"2","BE","944","Uetendorf","020944"
"2","BE","945","Unterlangenegg","020945"
"2","BE","946","Wachseldorn","020946"
"2","BE","948","Forst-Längenbühl","020948"
"2","BE","951","Affoltern im Emmental","020951"
"2","BE","952","Dürrenroth","020952"
"2","BE","953","Eriswil","020953"
"2","BE","954","Huttwil","020954"
"2","BE","955","Lützelflüh","020955"
"2","BE","956","Rüegsau","020956"
"2","BE","957","Sumiswald","020957"
"2","BE","958","Trachselwald","020958"
"2","BE","959","Walterswil (BE)","020959"
"2","BE","960","Wyssachen","020960"
"2","BE","971","Attiswil","020971"
"2","BE","972","Berken","020972"
"2","BE","975","Farnern","020975"
"2","BE","976","Graben","020976"
"2","BE","977","Heimenhausen","020977"
"2","BE","979","Herzogenbuchsee","020979"
"2","BE","980","Inkwil","020980"
"2","BE","982","Niederönz","020982"
"2","BE","983","Oberbipp","020983"
"2","BE","985","Ochlenberg","020985"
"2","BE","987","Rumisberg","020987"
"2","BE","989","Thörigen","020989"
"2","BE","990","Walliswil bei Niederbipp","020990"
"2","BE","991","Walliswil bei Wangen","020991"
"2","BE","995","Wiedlisbach","020995"
"11","SO","2457","Messen","112457"
"17","SG","3359","Wildhaus-Alt St. Johann","173359"
"19","AG","4001","Aarau","194001"
"19","AG","4080","Villmergen","194080"
"19","AG","4184","Mettauertal","194184"
"19","AG","4169","Kaisten","194169"
"19","AG","4170","Laufenburg","194170"
"21","TI","5398","Gambarogno","215398"
"21","TI","5238","Monteceneri","215238"
"20","TG","4696","Tägerwilen","204696"
"20","TG","4864","Steckborn","204864"
"20","TG","4606","Stettfurt","204606"
"20","TG","4451","Uttwil","204451"
"20","TG","4641","Altnau","204641"
"20","TG","4801","Berlingen","204801"
"20","TG","4656","Güttingen","204656"
"20","TG","4651","Gottlieben","204651"
"20","TG","4411","Egnach","204411"
"20","TG","4406","Dozwil","204406"
"20","TG","4421","Horn","204421"
"20","TG","4806","Eschenz","204806"
"20","TG","4416","Hefenhofen","204416"
"20","TG","4746","Münchwilen (TG)","204746"
"20","TG","4671","Kreuzlingen","204671"
"20","TG","4426","Kesswil","204426"
"20","TG","4591","Matzingen","204591"
"20","TG","4436","Romanshorn","204436"
"20","TG","4431","Roggwil (TG)","204431"
"20","TG","4441","Salmsach","204441"
"20","TG","4846","Raperswilen","204846"
"20","TG","4756","Schönholzerswilen","204756"
"20","TG","4831","Müllheim","204831"
"20","TG","4446","Sommeri","204446"
"20","TG","4791","Wuppenau","204791"
"20","TG","4726","Fischingen","204726"
"20","TG","4941","Märstetten","204941"
"20","TG","4646","Ermatingen","204646"
"20","TG","4851","Salenstein","204851"
"20","TG","4561","Felben-Wellhausen","204561"
"20","TG","4826","Mammern","204826"
"20","TG","4643","Bottighofen","204643"
"20","TG","4691","Münsterlingen","204691"
"20","TG","4476","Erlen","204476"
"20","TG","4911","Bürglen (TG)","204911"
"20","TG","4611","Thundorf","204611"
"20","TG","4621","Warth-Weiningen","204621"
"20","TG","4616","Uesslingen-Buch","204616"
"20","TG","4701","Wäldi","204701"
"20","TG","4711","Affeltrangen","204711"
"20","TG","4716","Bettwiesen","204716"
"20","TG","4741","Lommis","204741"
"20","TG","4881","Amlikon-Bissegg","204881"
"20","TG","4946","Weinfelden","204946"
"20","TG","4901","Birwinken","204901"
"20","TG","4951","Wigoltingen","204951"
"20","TG","4871","Wagenhausen","204871"
"20","TG","4781","Wängi","204781"
"20","TG","4551","Aadorf","204551"
"20","TG","4721","Bichelsee-Balterswil","204721"
"20","TG","4921","Bussnang","204921"
"20","TG","4666","Kemmental","204666"
"20","TG","4486","Hauptwil-Gottshaus","204486"
"20","TG","4601","Neunforn","204601"
"20","TG","4501","Kradolf-Schönenberg","204501"
"20","TG","4471","Bischofszell","204471"
"20","TG","4506","Sulgen","204506"
"20","TG","4461","Amriswil","204461"
"20","TG","4511","Zihlschlacht-Sitterdorf","204511"
"20","TG","4761","Sirnach","204761"
"20","TG","4724","Eschlikon","204724"
"20","TG","4821","Hüttwilen","204821"
"20","TG","4401","Arbon","204401"
"20","TG","4571","Gachnang","204571"
"20","TG","4566","Frauenfeld","204566"
"20","TG","4681","Langrickenbach","204681"
"20","TG","4683","Lengwil","204683"
"20","TG","4891","Berg (TG)","204891"
"20","TG","4786","Wilen (TG)","204786"
"20","TG","4751","Rickenbach (TG)","204751"
"20","TG","4811","Herdern","204811"
"20","TG","4841","Pfyn","204841"
"20","TG","4495","Hohentannen","204495"
"20","TG","4546","Schlatt (TG)","204546"
"20","TG","4536","Basadingen-Schlattingen","204536"
"20","TG","4590","Hüttlingen","204590"
"20","TG","4723","Braunau","204723"
"20","TG","4776","Tobel-Tägerschen","204776"
"20","TG","4816","Homburg","204816"
"20","TG","4545","Diessenhofen","204545"
"2","BE","306","Lyss","020306"
"2","BE","332","Madiswil","020332"
"2","BE","855","Schwarzenburg","020855"
"2","BE","973","Bettenhausen","020973"
"8","GL","1631","Glarus Süd","081631"
"8","GL","1630","Glarus Nord","081630"
"8","GL","1632","Glarus","081632"
"10","FR","2129","Corbières","102129"
"11","SO","2554","Riedholz","112554"
"23","VS","6090","Mont-Noble","236090"
"22","VD","5451","Avenches","225451"
"22","VD","5464","Vully-les-Lacs","225464"
"22","VD","5540","Montilliez","225540"
"22","VD","5541","Goumoëns","225541"
"22","VD","5804","Jorat-Menthue","225804"
"22","VD","5571","Tévenon","225571"
"22","VD","5613","Bourg-en-Lavaux","225613"
"22","VD","5634","Echichens","225634"
"22","VD","5831","Valbroye","225831"
"22","VD","5938","Yverdon-les-Bains","225938"
"2","BE","861","Belp","020861"
"19","AG","4234","Merenschwand","194234"
"22","VD","5799","Servion","225799"
"22","VD","5905","Champvent","225905"
"22","VD","5913","Donneloye","225913"
"11","SO","2511","Aeschi (SO)","112511"
"21","TI","5050","Serravalle","215050"
"21","TI","5236","Collina d'Oro","215236"
"1","ZH","24","Buch am Irchel","010024"
"1","ZH","223","Neftenbach","010223"
"3","LU","1010","Escholzmatt-Marbach","031010"
"3","LU","1097","Rickenbach (LU)","031097"
"3","LU","1143","Schötz","031143"
"3","LU","1009","Werthenstein","031009"
"3","LU","1147","Wikon","031147"
"3","LU","1150","Zell (LU)","031150"
"3","LU","1107","Wolhusen","031107"
"3","LU","1068","Vitznau","031068"
"3","LU","1146","Wauwil","031146"
"3","LU","1069","Weggis","031069"
"3","LU","1103","Sursee","031103"
"3","LU","1067","Udligenswil","031067"
"3","LU","1145","Ufhusen","031145"
"3","LU","1052","Buchrain","031052"
"3","LU","1083","Buttisholz","031083"
"3","LU","1082","Büron","031082"
"3","LU","1053","Dierikon","031053"
"3","LU","1023","Ballwil","031023"
"3","LU","1121","Alberswil","031121"
"3","LU","1051","Adligenswil","031051"
"3","LU","1021","Aesch (LU)","031021"
"3","LU","1122","Altbüron","031122"
"3","LU","1004","Flühli","031004"
"3","LU","1131","Grossdietwil","031131"
"3","LU","1086","Grosswangen","031086"
"3","LU","1129","Fischbach","031129"
"3","LU","1005","Hasle (LU)","031005"
"3","LU","1085","Geuensee","031085"
"3","LU","1055","Gisikon","031055"
"3","LU","1056","Greppen","031056"
"3","LU","1054","Ebikon","031054"
"3","LU","1084","Eich","031084"
"3","LU","1127","Egolzwil","031127"
"3","LU","1031","Hochdorf","031031"
"3","LU","1001","Doppleschwand","031001"
"3","LU","1058","Horw","031058"
"3","LU","1026","Eschenbach (LU)","031026"
"3","LU","1002","Entlebuch","031002"
"3","LU","1088","Hildisrieden","031088"
"3","LU","1024","Emmen","031024"
"3","LU","1025","Ermensee","031025"
"3","LU","1132","Hergiswil bei Willisau","031132"
"3","LU","1136","Menznau","031136"
"3","LU","1064","Meierskappel","031064"
"3","LU","1063","Meggen","031063"
"3","LU","1095","Oberkirch","031095"
"3","LU","1093","Neuenkirch","031093"
"3","LU","1137","Nebikon","031137"
"3","LU","1094","Nottwil","031094"
"3","LU","1091","Mauensee","031091"
"3","LU","1033","Inwil","031033"
"3","LU","1089","Knutwil","031089"
"3","LU","1059","Kriens","031059"
"3","LU","1135","Luthern","031135"
"3","LU","1062","Malters","031062"
"3","LU","1040","Rothenburg","031040"
"3","LU","1098","Ruswil","031098"
"3","LU","1007","Romoos","031007"
"3","LU","1142","Roggliswil","031142"
"3","LU","1066","Schwarzenberg","031066"
"3","LU","1008","Schüpfheim","031008"
"3","LU","1041","Schongau","031041"
"3","LU","1102","Sempach","031102"
"3","LU","1100","Schlierbach","031100"
"3","LU","1037","Rain","031037"
"3","LU","1139","Pfaffnau","031139"
"3","LU","1039","Römerswil","031039"
"3","LU","1125","Dagmersellen","031125"
"3","LU","1128","Ettiswil","031128"
"3","LU","1140","Reiden","031140"
"3","LU","1032","Hohenrain","031032"
"3","LU","1104","Triengen","031104"
"3","LU","1061","Luzern","031061"
"11","SO","2464","Lüsslingen-Nennigkofen","112464"
"11","SO","2535","Drei Höfe","112535"
"14","SH","2932","Beringen","142932"
"17","SG","3341","Gommiswald","173341"
"17","SG","3342","Eschenbach (SG)","173342"
"17","SG","3360","Nesslau","173360"
"17","SG","3379","Wattwil","173379"
"17","SG","3395","Bütschwil-Ganterschwil","173395"
"17","SG","3427","Wil (SG)","173427"
"19","AG","4124","Bözberg","194124"
"22","VD","5693","Montanaire","225693"
"23","VS","6007","Naters","236007"
"23","VS","6110","Leuk","236110"
"23","VS","6119","Turtmann-Unterems","236119"
"23","VS","6217","Saint-Maurice","236217"
"26","JU","6729","Haute-Sorne","266729"
"26","JU","6790","Fontenais","266790"
"21","TI","5396","Terre di Pedemonte","215396"
"21","TI","5192","Lugano","215192"
"21","TI","5254","Mendrisio","215254"
"1","ZH","298","Wiesendangen","010298"
"2","BE","449","Sauge","020449"
"2","BE","538","Fraubrunnen","020538"
"2","BE","540","Jegenstorf","020540"
"2","BE","619","Oberdiessbach","020619"
"2","BE","726","Plateau de Diesse","020726"
"2","BE","770","Stocken-Höfen","020770"
"2","BE","784","Innertkirchen","020784"
"2","BE","885","Uttigen","020885"
"10","FR","2163","Val-de-Charmey","102163"
"19","AG","4063","Bremgarten (AG)","194063"
"19","AG","4125","Schinznach","194125"
"19","AG","4305","Endingen","194305"
"23","VS","6205","Bettmeralp","236205"
"22","VD","5624","Bussigny","225624"
"22","VD","5702","Arzier-Le Muids","225702"
"1","ZH","297","Bauma","010297"
"2","BE","450","Péry-La Heutte","020450"
"2","BE","717","Valbirse","020717"
"2","BE","716","Petit-Val","020716"
"3","LU","1081","Beromünster","031081"
"3","LU","1099","Schenkon","031099"
"1","ZH","296","Illnau-Effretikon","010296"
"2","BE","310","Rapperswil (BE)","020310"
"2","BE","405","Ersigen","020405"
"2","BE","988","Seeberg","020988"
"10","FR","2053","Belmont-Broye","102053"
"10","FR","2175","Belfaux","102175"
"10","FR","2236","Gibloux","102236"
"10","FR","2284","Mont-Vully","102284"
"21","TI","5072","Faido","215072"
"21","TI","5136","Onsernone","215136"
"22","VD","5806","Jorat-Mézières","225806"
"2","BE","616","Münsingen","020616"
"10","FR","2054","Estavayer","102054"
"10","FR","2055","Cheyres-Châbles","102055"
"10","FR","2183","Corminboeuf","102183"
"10","FR","2254","Courtepin","102254"
"10","FR","2299","Plaffeien","102299"
"18","GR","3832","Grono","183832"
"18","GR","3506","Vaz/Obervaz","183506"
"18","GR","3513","Lantsch/Lenz","183513"
"18","GR","3514","Schmitten (GR)","183514"
"18","GR","3551","Brusio","183551"
"18","GR","3561","Poschiavo","183561"
"18","GR","3572","Falera","183572"
"18","GR","3575","Laax","183575"
"18","GR","3581","Sagogn","183581"
"18","GR","3582","Schluein","183582"
"18","GR","3633","Fürstenau","183633"
"18","GR","3637","Rothenbrunnen","183637"
"18","GR","3638","Scharans","183638"
"18","GR","3640","Sils im Domleschg","183640"
"18","GR","3662","Flerden","183662"
"18","GR","3663","Masein","183663"
"18","GR","3669","Tschappina","183669"
"18","GR","3670","Urmein","183670"
"18","GR","3681","Avers","183681"
"18","GR","3695","Sufers","183695"
"18","GR","3711","Rongellen","183711"
"18","GR","3712","Zillis-Reischen","183712"
"18","GR","3721","Bonaduz","183721"
"18","GR","3722","Domat/Ems","183722"
"18","GR","3723","Rhäzüns","183723"
"18","GR","3731","Felsberg","183731"
"18","GR","3732","Flims","183732"
"18","GR","3733","Tamins","183733"
"18","GR","3734","Trin","183734"
"18","GR","3752","Samnaun","183752"
"18","GR","3781","Bever","183781"
"18","GR","3782","Celerina/Schlarigna","183782"
"18","GR","3783","Madulain","183783"
"18","GR","3784","Pontresina","183784"
"18","GR","3786","Samedan","183786"
"18","GR","3787","St. Moritz","183787"
"18","GR","3788","S-chanf","183788"
"18","GR","3789","Sils im Engadin/Segl","183789"
"18","GR","3790","Silvaplana","183790"
"18","GR","3791","Zuoz","183791"
"18","GR","3804","Buseno","183804"
"18","GR","3805","Castaneda","183805"
"18","GR","3808","Rossa","183808"
"18","GR","3810","Santa Maria in Calanca","183810"
"18","GR","3821","Lostallo","183821"
"18","GR","3822","Mesocco","183822"
"18","GR","3823","Soazza","183823"
"18","GR","3831","Cama","183831"
"18","GR","3834","Roveredo (GR)","183834"
"18","GR","3835","San Vittore","183835"
"18","GR","3861","Fideris","183861"
"18","GR","3862","Furna","183862"
"18","GR","3863","Jenaz","183863"
"18","GR","3881","Conters im Prättigau","183881"
"18","GR","3882","Küblis","183882"
"18","GR","3946","Untervaz","183946"
"18","GR","3947","Zizers","183947"
"18","GR","3951","Fläsch","183951"
"18","GR","3952","Jenins","183952"
"18","GR","3953","Maienfeld","183953"
"18","GR","3954","Malans","183954"
"18","GR","3962","Schiers","183962"
"18","GR","3972","Seewis im Prättigau","183972"
"18","GR","3982","Disentis/Mustér","183982"
"18","GR","3983","Medel (Lucmagn)","183983"
"18","GR","3985","Sumvitg","183985"
"18","GR","3986","Tujetsch","183986"
"18","GR","3713","Ferrera","183713"
"18","GR","3945","Trimmis","183945"
"18","GR","3851","Davos","183851"
"18","GR","3701","Andeer","183701"
"18","GR","3847","Val Müstair","183847"
"18","GR","3661","Cazis","183661"
"18","GR","3792","Bregaglia","183792"
"18","GR","3911","Churwalden","183911"
"18","GR","3961","Grüsch","183961"
"18","GR","3955","Landquart","183955"
"18","GR","3987","Trun","183987"
"18","GR","3672","Safiental","183672"
"18","GR","3618","Lumnezia","183618"
"18","GR","3764","Valsot","183764"
"18","GR","3921","Arosa","183921"
"18","GR","3619","Ilanz/Glion","183619"
"18","GR","3542","Albula/Alvra","183542"
"18","GR","3603","Vals","183603"
"18","GR","3673","Domleschg","183673"
"18","GR","3762","Scuol","183762"
"18","GR","3746","Zernez","183746"
"18","GR","3837","Calanca","183837"
"18","GR","3543","Surses","183543"
"18","GR","3988","Obersaxen Mundaun","183988"
"18","GR","3891","Luzein","183891"
"22","VD","5675","Lucens","225675"
"22","VD","5749","Chavornay","225749"
"23","VS","6077","Goms","236077"
"23","VS","6266","Sion","236266"
"23","VS","6253","Crans-Montana","236253"
"21","TI","5002","Bellinzona","215002"
"21","TI","5287","Riviera","215287"
"1","ZH","295","Horgen","010295"
"1","ZH","294","Elgg","010294"
"2","BE","608","Grosshöchstetten","020608"
"2","BE","872","Kirchdorf (BE)","020872"
"18","GR","3668","Thusis","183668"
"18","GR","3544","Bergün Filisur","183544"
"18","GR","3981","Breil/Brigels","183981"
"19","AG","4104","Lupfig","194104"
"24","NE","6404","Boudry","246404"
"24","NE","6408","Cortaillod","246408"
"24","NE","6413","Rochefort","246413"
"24","NE","6416","Milvignes","246416"
"24","NE","6421","La Chaux-de-Fonds","246421"
"24","NE","6422","Les Planchettes","246422"
"24","NE","6423","La Sagne","246423"
"24","NE","6432","La Brévine","246432"
"24","NE","6433","Brot-Plamboz","246433"
"24","NE","6434","Le Cerneux-Péquignot","246434"
"24","NE","6435","La Chaux-du-Milieu","246435"
"24","NE","6437","Les Ponts-de-Martel","246437"
"24","NE","6451","Cornaux","246451"
"24","NE","6452","Cressier (NE)","246452"
"24","NE","6455","Le Landeron","246455"
"24","NE","6456","Lignières","246456"
"24","NE","6487","Val-de-Ruz","246487"
"24","NE","6504","La Côte-aux-Fées","246504"
"24","NE","6511","Les Verrières","246511"
"24","NE","6512","Val-de-Travers","246512"
"26","JU","6730","Val Terbi","266730"
"26","JU","6809","Haute-Ajoie","266809"
"24","NE","6417","La Grande Béroche","246417"
"1","ZH","292","Stammheim","010292"
"1","ZH","293","Wädenswil","010293"
"2","BE","304","Kallnach","020304"
"18","GR","3714","Rheinwald","183714"
"19","AG","4281","Reitnau","194281"
"26","JU","6708","Courrendlin","266708"
"2","BE","889","Thurnen","020889"
"2","BE","939","Steffisburg","020939"
"2","BE","981","Niederbipp","020981"
"3","LU","1123","Altishofen","031123"
"10","FR","2117","Villaz","102117"
"10","FR","2237","Prez","102237"
"19","AG","4095","Brugg","194095"
"18","GR","3785","La Punt Chamues-ch","183785"
"21","TI","5138","Cugnasco-Gerra","215138"
"21","TI","5112","Lavertezzo","215112"
"21","TI","5399","Verzasca","215399"
"3","LU","1030","Hitzkirch","031030"
"3","LU","1151","Willisau","031151"
"4","UR","1214","Seedorf (UR)","041214"
"10","FR","2044","Surpierre","102044"
"10","FR","2238","Bois-d'Amont","102238"
"10","FR","2306","Tafers","102306"
"11","SO","2430","Welschenrohr-Gänsbrunnen","112430"
"11","SO","2499","Stüsslingen","112499"
"18","GR","3715","Muntogna da Schons","183715"
"22","VD","5422","Aubonne","225422"
"23","VS","6037","Val de Bagnes","236037"
"23","VS","6136","Martigny","236136"
"23","VS","6254","Noble-Contrée","236254"
"24","NE","6458","Neuchâtel","246458"
"24","NE","6436","Le Locle","246436"
"2","BE","329","Langenthal","020329"
"2","BE","409","Hindelbank","020409"
"2","BE","879","Riggisberg","020879"
"22","VD","5713","Crans (VD)","225713"
"18","GR","3871","Klosters","183871"
"21","TI","5239","Tresa","215239"
"22","VD","5656","Hautemorges","225656"
"22","VD","5511","Assens","225511"
"10","FR","2275","Murten","102275"
"19","AG","4185","Böztal","194185"
"19","AG","4324","Zurzach","194324"
"22","VD","5805","Oron","225805"
"22","VD","5892","Blonay - Saint-Légier","225892"
"21","TI","5240","Val Mara","215240"
"16","AI","3112","Schwende-Rüte","163112"
"1","ZH","291","Andelfingen","010291"
"2","BE","546","Münchenbuchsee","020546"
"17","SG","3396","Neckertal","173396"
"26","JU","6743","Les Breuleux","266743"
"19","AG","4139","Menziken","194139"
"19","AG","4186","Herznach-Ueken","194186"
"26","JU","6811","Damphreux-Lugnez","266811"
"2","BE","767","Reutigen","020767"
"2","BE","992","Wangen an der Aare","020992"
"11","SO","2465","Buchegg","112465"
"26","JU","6812","Basse-Vendline","266812"
"19","AG","4021","Baden","194021"
"1","ZH","62","Kloten","010062"
"1","ZH","64","Nürensdorf","010064"
"18","GR","3901","Chur","183901"
"3","LU","1065","Root","031065"
"10","FR","2097","Rue","102097"
"10","FR","2102","Ursy","102102"
"10","FR","2239","Grolley-Ponthaux","102239"
"24","NE","6513","Laténa","246513"
"21","TI","5073","Giornico","215073"
"21","TI","5079","Quinto","215079"
"21","TI","5395","Lema","215395"
"11","SO","2406","Oberbuchsiten","112406"
"11","SO","2404","Neuendorf","112404"